<?xml version="1.0" encoding="UTF-8"?>
    <addon id="repository.aeon" name="Aeon Repository" version="1.0.0" provider-name="Aeon">
        <requires>
            <import addon="xbmc.addon" version="12.0.0"/>
        </requires>
        <extension point="xbmc.addon.repository" name="Aeon Repository">
            <info compressed="false">https://raw.githubusercontent.com/kostadin-stoev/kostadin-stoev.github.io/main/zips/addons.xml</info>
            <checksum>https://raw.githubusercontent.com/kostadin-stoev/kostadin-stoev.github.io/main/zips/addons.xml.md5</checksum>
            <datadir zip="true">https://raw.githubusercontent.com/kostadin-stoev/kostadin-stoev.github.io/main/zips/</datadir>
            <hashes>false</hashes>
        </extension>
        <extension point="xbmc.addon.metadata">
            <summary>Aeon's Repository</summary>
            <description>KODI Addons</description>
            <platform>all</platform>
    </extension>
</addon>