<?xml version="1.0" encoding="UTF-8"?>
    <addon id="repository.mar33" name="Mar33 Repository" version="0.0.33" provider-name="MartinStz">
        <requires>
            <import addon="xbmc.addon" version="12.0.0"/>
        </requires>
        <extension point="xbmc.addon.repository" name="Mar33 Repository">
            <info compressed="false">http://petrovy.com/_repo/addons.xml</info>
            <checksum>http://petrovy.com/_repo/addons.xml.md5</checksum>
            <datadir zip="true">http://petrovy.com/_repo/</datadir>
            <hashes>false</hashes>
        </extension>
        <extension point="xbmc.addon.metadata">
            <summary>Repo from MartinStz</summary>
            <description>For installing Bulsat, Exodus, Covenant, Specto and subtitles addons</description>
            <platform>all</platform>
    </extension>
</addon>